material_id,dielectric_poly_total
mp-1223893,15.918644050011757
mp-16988,16.70376070752858
mp-730,14.91191322371673
mp-756202,24.63498526261935
mp-580941,17.622480518058488
mp-761124,15.94087865543641
mp-616573,16.538807825566124
mp-775543,17.36344337856642
mp-28136,14.667630507555229
mp-776397,21.541487133090083
mp-11695,15.601268498995026
mp-542637,15.451128170014426
mp-27854,15.075787211711711
mp-239,14.90030248455565
mp-643384,15.318436171185892
mp-8289,15.081172029565568
mp-23484,15.188612699694886
mp-23164,18.400172739283086
mp-7264,15.196918806940971
mp-13335,15.451193086314442
mp-707735,17.261369395856086
mp-14447,15.259704387807734
mp-1206350,14.85916727780876
mp-24066,16.42518965595804
mp-11713,14.517955149305097
mp-2552,15.349220659375064
mp-5795,15.418480220610627
mp-7906,13.92871260764965
mp-7404,14.399193209501885
mp-558016,13.984466112728306
mp-759283,14.545161859272682
mp-2150,14.225299357089732
mp-1821,15.474505523808993
mp-754605,15.778838675618246
mp-9029,14.257703310985377
mp-777418,14.258675846144813
mp-568469,16.54666762410569
mp-1102077,14.712340428199603
mp-541280,15.012895236524384
mp-571436,14.552161665429823
mp-567228,15.244058711765879
mp-1025267,15.211441165000917
mp-31493,15.140096265403331
mp-8153,14.481170997683703
mp-29877,15.205175049162603
mp-1190030,15.818274797884428
mp-1190450,15.887731497843529
mp-6094,14.924005254322749
mp-753940,14.36075477787286
mp-682,14.993550315662292
mp-29513,15.543657782236016
mp-14864,15.239687680962259
mp-24431,14.654209856965167
mp-1222351,14.743832553894663
mp-34127,14.443511079339663
mp-25223,14.810635041625806
mp-997088,14.83880702655365
mp-4187,14.93542887698729
mp-643385,15.168235752894482
mp-756520,15.57831842273731
mp-531265,15.68637510610498
mp-1029258,14.976831522544655
mp-28391,15.397701517387127
mp-6980,14.712847614340888
mp-11016,14.941360635744848
mp-768440,14.47082332324711
mp-25301,15.010902440333103
mp-775837,14.902870003057451
mp-23418,14.365640847413067
mp-29506,15.159445099689428
mp-23059,13.649393622086718
mp-28029,15.523059541421867
mp-22914,15.228669838330159
mp-28264,15.111948850547847
mp-13055,13.799527551942255
mp-755097,14.743580534831358
mp-549720,18.64281436280341
mp-1205338,18.726591673300415
mp-17146,16.284817739329785
mp-17112,15.15461739315594
mp-27463,15.736923530073966
mp-18000,14.42833864041731
mp-40144,18.652108776373556
mp-772750,14.189754676750624
mp-29585,15.272922108011777
mp-18725,20.42969771090463
mp-17307,15.575167311744815
mp-6560,15.423966690239839
mp-38394,14.66847718527923
mp-22889,15.732385048326591
mp-677191,16.024550991867294
mp-17128,14.690691793309407
mp-31243,15.191792953299956
mp-676861,15.15693499834142
mp-13863,15.667230472007615
mp-23850,17.72898950645666
mp-756156,15.159022709159167
mp-989625,15.302474537730916
mp-27716,15.3587333802245
mp-36582,15.242998439923268
mp-17577,14.74266504703419
mp-8714,17.14755576786675
mp-1104707,15.43446328891789
mp-7181,14.234704312528267
mp-999498,14.292335032881487
mp-1079600,14.576264650201123
mp-571306,15.124333219678032
mp-989524,15.3008360017088
mp-567313,15.023547118484148
mp-22930,14.742967193157696
mp-25246,16.82628460601467
mp-7601,14.821623305067444
mp-558071,14.766135843925555
mp-28741,15.467693606959157
mp-17066,15.011360464189274
mp-12244,15.154221507361829
mp-556216,13.833676049463541
mp-7786,15.721014711740134
mp-8389,15.27343869898697
mp-1095440,15.620326246680571
mp-18914,15.097171032569044
mp-647343,15.824297020728046
mp-1029275,14.424140720092304
mp-602,15.071571217246333
mp-778194,15.149812493357544
mp-31306,15.448545260606483
mp-673070,14.49905712625614
mp-1205304,14.399405383791322
mp-626554,14.033235959484243
mp-23656,15.300604091839011
mp-626088,15.572130064347716
mp-22870,15.217240546243774
mp-20078,14.432551011171222
mp-27369,14.508851103216506
mp-1542727,15.59589462583559
mp-9250,14.056348856624066
mp-756504,14.88283574589831
mp-24413,13.99486574875267
mp-758521,14.75330438218865
mp-19426,16.02524787781384
mp-570706,20.35597764025179
mp-7000,15.872964000638792
mp-3102,15.207291710600373
mp-8603,15.418442140778016
mp-27178,13.735076505486102
mp-22583,15.143208068830964
mp-760313,14.022120596379095
mp-557308,13.937880697218294
mp-560625,14.19741227198897
mp-18929,14.149487667715738
mp-6951,15.057460764122693
mp-772830,16.688242103857622
mp-604429,16.009978341327944
mp-41219,14.725263577095756
mp-28548,14.962961069915007
mp-505166,15.759984179630164
mp-505511,15.31092483997385
mp-6289,13.977280239682784
mp-1189259,14.083991379169227
mp-10426,20.387205818714662
mp-756500,15.804731601522114
mp-571461,14.718169154358645
mp-1112940,15.68292774220884
mp-5151,15.649952259749275
mp-1080135,14.189491210679577
mp-18775,13.952071751750534
mp-8884,15.243285783250862
mp-14037,15.919389128754947
mp-1103842,14.725922514171248
mp-1185571,14.884577326519196
mp-606680,14.942913285414456
mp-1222482,15.227124335928043
mp-402,16.10276487976716
mp-28514,15.182300840248024
mp-510076,15.526711460375836
mp-767471,14.457758926762551
mp-9166,14.966220096350575
mp-29983,15.656400241625429
mp-990440,15.061846431433839
mp-23052,18.451443560224835
mp-984718,15.787616463300415
mp-777779,16.45073487268261
mp-755234,14.00012699657057
mp-505297,14.883026008349269
mp-38487,17.917258215683894
mp-540569,14.711242816994853
mp-641,14.89379742006782
mp-643006,14.256143065240199
mp-1113760,15.67454082204059
mp-13900,14.999892506694458
mp-1986,14.346162281561755
mp-38240,14.329681567672221
mp-1079630,15.620767462865809
mp-626464,15.280685710345322
mp-7608,15.544877211876397
mp-14069,15.643759796729318
mp-19006,15.6031186295924
mp-546202,15.282447370022695
mp-24798,15.070926004038652
mp-29027,14.824719089320912
mp-754802,15.580925120196252
mp-753318,18.311643479644918
mp-7639,16.32033303105228
mp-3167,14.354156264702862
mp-4236,14.57301166236325
mp-9146,15.455672692183793
mp-7684,15.944240135890556
mp-1018040,15.689551414292517
mp-780172,15.494561347894908
mp-560588,14.515830949422453
mp-29196,19.67880748239643
mp-569175,19.68342236756402
mp-18463,15.24520176894831
mp-768310,13.868386236365582
mp-1539317,18.543863758559393
mp-541062,14.71978141990459
mp-540631,15.356705513344073
mp-548615,13.883538414441086
mp-29598,14.98170539412842
mp-5488,14.01080994246068
mp-8876,15.842591731883024
mp-758977,15.729674369664167
mp-7791,14.987038412096524
mp-753287,15.834138528989012
mp-4360,14.531249264867515
mp-29257,15.078832440397626
mp-33300,14.280483229858254
mp-17297,16.539436600575662
mp-13984,14.3934508341365
mp-7500,14.784858484782601
mp-505702,17.673862034076237
mp-5061,14.889856535076506
mp-28580,18.26124562728568
mp-27063,17.160856229187786
mp-13230,14.527796109718713
mp-759107,14.708348711496999
mp-18805,16.718929722349838
mp-19239,14.529115715207713
mp-28520,14.988084651812677
mp-555292,14.781129339589421
mp-14624,19.723855197014817
mp-20778,18.300293246870087
mp-973793,15.011108335576107
mp-31149,14.472250213434368
mp-9747,14.586504831504163
mp-16934,14.974614697104771
mp-558828,14.976632798915313
mp-754065,15.625169592884319
mp-10809,15.003894055317787
mp-25316,14.042186056133563
mp-677323,14.05844862966034
mp-18918,14.26743810857752
mp-3667,14.741556817691265
mp-756117,14.650098780262104
mp-28989,14.90640592317075
mp-643727,15.247064504226081
mp-4359,14.608833886025014
mp-610744,17.790486899918793
mp-760089,15.475493460807922
mp-761931,14.335320886139469
mp-1705,15.907254186290363
mp-1208162,15.074634659611627
mp-23446,15.353558429556212
mp-754233,15.429697536962044
mp-754838,16.160056390143133
mp-765470,15.209472734979984
mp-2030,15.53446186773287
mp-571084,17.63297533742743
mp-14038,14.975631376410432
mp-1102534,15.415364493574577
mp-8415,14.959381214392431
mp-754929,14.697043881176326
mp-9576,13.688876323712268
mp-867193,14.472939549385696
mp-9059,16.691507720236615
mp-1029863,15.38394913766966
mp-1113583,16.194861036944197
mp-23891,15.182678939026363
mp-551203,14.862583196723444
mp-1029592,15.473026517143348
mp-722865,18.195968043692506
mp-23996,13.965185287941651
mp-753906,16.106443328209462
mp-757722,17.72142223450747
mp-2741,14.903834341765611
mp-1029967,19.551680128988934
mp-553342,17.787608584010258
mp-540635,15.545767949417238
mp-4026,14.754199698865412
mp-1105549,15.274096628302507
mp-1113857,19.962639325187162
mp-22963,14.316073935017057
mp-510557,15.959070837496151
mp-20088,15.531154651460774
mp-19218,20.59141829809459
mp-18147,15.817584350718523
mp-23079,14.954536281575736
mp-675800,18.07089618899132
mp-18741,16.370701705255428
mp-28901,15.480403706290163
mp-10461,14.600112898272664
mp-4964,15.096426667000912
mp-1205739,16.59856963040453
mp-755478,15.24893514831861
mp-37381,18.759661784509753
mp-27263,17.758454794516002
mp-1220913,13.806836296582082
mp-1228810,14.865614917828674
mp-1189906,14.117337564187793
mp-3771,15.86830248246348
mp-759568,17.870631371882375
mp-557142,14.466958011153435
mp-775164,15.392269572234847
mp-559091,15.113734062815738
mp-27243,14.707808848490282
mp-12459,14.939787586963437
mp-22328,19.31341450133046
mp-14115,15.27369698797735
mp-1008858,14.133514613639157
mp-41191,14.542276325115893
mp-3524,15.480792867413665
mp-30456,14.602473293163827
mvc-11129,15.623716710886576
mp-1543124,14.819415555238425
mp-755342,15.78075681803126
mp-29931,15.147410602704388
mp-1178403,14.500769783050202
mp-1205352,14.860963610672588
mp-6960,14.916797630221586
mp-865101,14.64995945928319
mp-29163,16.866592374341916
mp-1541,15.925795479815907
mp-1207448,14.699704223366972
mp-1540712,15.593020777372804
mp-30321,14.905549200080769
mp-15013,18.764713950071165
mp-22966,14.612714064061946
mp-28582,22.73150434235562
mp-37498,15.904382956037752
mp-28475,15.554236815432171
mp-6920,15.176590617133105
mp-760307,14.879486272209517
mp-19957,15.659729150875727
mp-563025,15.025574597008893
mp-9321,14.54189260353528
mp-1103664,14.500299912121479
mp-560149,14.506344414868877
mp-561200,16.95151030431781
mp-23675,15.375421012491747
mp-756005,15.00921766344374
mp-570248,13.823408992592114
mp-3416,13.69239632805251
mp-675101,14.396642167720811
mp-4691,14.5773979675678
mp-998569,14.753141869286724
mp-752484,16.198026278991918
mp-5878,14.401995382707328
mp-24500,14.611372572638665
mp-9920,15.571033236556541
mp-776816,19.86328442233133
mp-1080232,14.032417760939232
mp-557391,14.999867290642653
mp-7191,14.891739762080793
mp-643759,15.033306392704565
mp-30993,14.971177106106193
mp-31116,15.012057786724318
mp-753051,15.74780487550026
mp-1078636,14.947390684238044
mp-27987,15.230638453952283
mp-1103527,15.597709224240939
mp-38011,14.309838246928962
mp-9262,14.058489314844172
mp-753262,15.26226504835229
mp-23884,15.560632473309957
mp-561189,16.750517020562974
mp-6856,14.416125770564237
mp-1178399,14.055502567033109
mp-989616,15.281509854786067
mp-27419,14.70689643706288
mp-567713,14.423319735190717
mp-20805,14.826050300283594
mp-556859,17.90516455500875
mp-18247,14.501926158676643
mp-675748,15.979779387730842
mp-8042,17.006471771740475
mp-1095586,17.12820103056825
mp-9911,15.047966208038417
mp-29590,18.259724491424947
mp-14288,14.739370093077568
mp-755950,14.74781565164727
mp-752826,21.974998742830202
mp-1173671,15.08623606680439
mp-504498,15.069482602674533
mp-10517,29.903206288557502
mp-1020031,14.627328892352304
mp-18578,15.771775186244708
mp-37829,14.696106923814042
mp-28408,15.98796187793183
mp-541378,14.942094242513592
mp-1244569,15.069042616740605
mp-23910,15.039283353034389
mp-1020797,14.770318445459974
mp-5005,16.389223219271308
mp-611316,15.17151751061378
mp-17389,15.596412650232194
mp-765775,15.559885210754704
mp-768232,15.982349719836568
mp-22874,15.269654278124213
mp-5185,23.628276492366137
mp-567809,14.982323180601673
mp-8257,17.37802849192604
mp-5874,16.35782109650186
mp-752506,15.706346154471696
mp-752965,18.885449921276848
mp-5621,15.324637172879061
mp-1210180,17.323531438390315
mp-1602,14.784435690951915
mp-8187,14.884661351444514
mp-1209072,14.352309440988455
mp-757107,14.532878883361514
mp-14058,15.111533222713366
mp-644222,14.259562983060171
mp-5077,14.242360521475453
mp-10615,16.622654283295663
mp-558808,15.075632694918603
mp-756696,14.262544713233611
mp-1223443,14.71680821295665
mp-7471,14.634330000856602
mp-760506,16.759627292497925
mp-4405,22.599783340072758
mp-29310,14.36141622870382
mp-561664,16.660259057743737
mp-27912,14.290404901630696
mp-23503,17.711350330902004
mp-1208776,15.226802539632187
mp-7204,14.85832157297604
mp-769148,15.50131284883647
mp-24040,25.31807297238602
mp-1542401,15.705608391646724
mp-18843,16.644216074307526
mp-756044,17.85554222397803
mp-768203,17.696366941463726
mp-754206,25.299377819884104
mp-643895,14.386199424394771
mp-864900,15.246784845491241
mp-760580,15.190142532268334
mp-754712,14.31133445900639
mp-9107,15.350939038537934
mp-10166,14.959730242589776
mp-557686,14.904886183305932
mp-778061,14.3736555094933
mp-642831,14.43243675606886
mp-1029562,14.440148766994726
mp-548469,16.871823377519064
mp-7262,15.54912689997606
mp-2530,14.125016032652827
mvc-7701,14.945949701570848
mp-5048,15.805703488020367
mp-20554,15.911474636291377
mp-8081,25.037448037154604
mp-753525,15.555989760594954
mp-643036,16.049167003440324
mp-1014013,16.878825705645532
mp-28328,15.958916790596811
mp-753222,19.93928402476467
mp-4051,14.66840409600253
mp-27126,16.403052836031577
mp-540957,14.305910663327415
mp-765725,15.118025328186883
mp-1227372,14.467199388529576
mp-621112,14.333461939639738
mp-1209528,14.863087731327695
mp-28538,14.136243044335693
mp-561319,15.19941583674084
mp-1069695,14.741806341653353
mp-1220757,15.28191364178274
mp-27257,20.70431771504119
mp-28007,14.893321310027043
mp-9812,16.007848895460484
mp-34982,13.593373976132888
mp-557414,16.73790993244439
mp-14091,13.661098822611011
mp-28546,16.275606835407174
mp-560956,18.973079182641214
mp-23349,16.42448385908468
mp-723049,19.06177617385137
mp-1147776,14.756461220901267
mp-14363,13.83656344662973
mp-556802,14.493152816381972
mp-772052,15.639249839181707
mp-755898,17.03722763634271
mp-29468,14.480388183371304
mp-4586,16.206885052331334
mp-571442,14.788869227762895
mp-998561,14.886073792691784
mp-9205,15.457503497278905
mp-30991,16.938616173215802
mp-675011,15.370281317649928
mp-559691,15.253818297815574
mp-8621,15.08847980842524
mp-1219606,15.096693247428195
mp-28567,15.060150618615472
mp-760461,15.060150618615472
mp-24136,14.939441633072015
mp-643043,14.901089287303746
mp-23193,14.249652904767029
mp-1104024,15.050883225966526
mp-37153,14.85560223032144
mp-675634,15.195254252489486
mp-34034,15.377023381053759
mp-558917,21.836885210536057
mp-554733,14.63542467348031
mp-23162,16.521437622111765
mp-23192,15.47213897968117
mp-30949,14.135060285686718
mp-1028668,21.557676039574922
mp-14790,17.10300097900776
mp-1221753,14.631606460203981
mp-14637,14.638299640109551
mp-1287668,15.10378047388793
mp-634059,14.270103039848703
mp-758637,15.037468565079193
mp-16253,16.30164348052104
mp-1184118,16.702649536189853
mp-557865,14.934217010813068
mp-560008,15.89421591601394
mp-18835,16.65360409793414
mp-7290,14.970619979823647
mp-2136,14.034434706351394
mp-989604,15.785868734874695
mp-752753,14.62936126850863
mp-698018,14.805973054547108
mp-996996,14.506323418934445
mp-1113448,16.82664986797182
mp-10341,14.43146688868513
mp-865492,14.828384177270909
mp-997589,14.80870901570325
mp-1009087,14.934694822113014
mp-778602,15.284369994473424
mp-1025567,16.774816592307644
mp-753539,14.383364638628922
mp-754840,15.004238343212183
mp-755051,15.193360227675752
mp-770707,17.135313091510046
mp-763985,15.116300605352736
mp-1219582,16.3053376418235
mp-753436,15.791565144115097
mp-1020615,14.14164586151019
mp-1210286,15.173017444340061
mp-545999,17.4586631488463
mp-29055,17.89833599919694
mp-1000,17.762536906237685
mp-755505,15.142802802310584
mp-22691,14.72914643093948
mp-776356,15.364846849225199
mp-27453,13.930481086232502
mp-753460,14.830765023959868
mp-600004,14.518451644672675
mp-12181,27.63340659869292
mp-9731,14.742370467226815
mp-540900,15.28201734639369
mp-9274,13.548237659952635
mp-1018630,15.222868303754272
mp-5546,14.231857144797782
mp-677192,15.088162726963104
mp-28266,16.19484612932102
mp-502,16.516916489283627
mp-37990,14.464407870711481
mp-6867,18.561902892674393
mp-28595,14.729208358158374
mp-600001,14.754336001468621
mp-18262,15.264524145026103
mp-3370,16.502555724077205
mp-23036,15.995204485517878
mp-18837,15.202193582876133
mp-753195,15.582636621487728
mp-556120,14.624623634934183
mp-15794,14.993618949115794
mp-14241,15.172628230754574
mp-27569,15.158426756046861
mp-555434,17.23255288372894
mp-754249,16.64647782601652
mp-556585,13.964865960780854
mp-7744,16.25826734011112
mp-546027,15.987405163537742
mp-774833,16.90595677883721
mp-28899,13.665788320503012
mp-686677,14.859409632132392
mp-25403,14.99939762436069
mp-675620,14.839032925622305
mp-9583,16.87889983683004
mp-753280,15.024969132484868
mp-756668,17.45575979084219
mp-755132,17.576461731232747
mp-344,14.594406368191876
mp-669426,14.505504556781391
mp-19894,15.291012968401695
mp-771264,14.550552723663946
mp-10096,14.607728860963453
mp-1539446,19.457763150192807
mp-1226003,20.03590915732713
mp-22895,15.30392800971484
mp-23774,13.980432945390046
mp-27047,15.085700720731047
mp-4497,14.973395886343553
mp-561317,22.112830475070474
mp-8972,15.065129037022691
mp-1079513,15.272694162561802
mp-14753,13.866289093660914
mp-27214,15.760079465388644
mp-17891,15.249739046908772
mp-7492,17.157764029563022
mp-569522,15.628985312479088
mp-696125,14.707448097062988
mp-42805,14.962936554803045
mp-6208,13.886346758823963
mp-754230,15.687032010640664
mp-8560,15.097316167888495
mp-7688,15.108422516935793
mp-752920,14.54962731477569
mp-27833,17.893554545872565
mp-1222661,14.016727350464116
mp-35751,15.606109905723581
mp-18500,14.814648130238211
mp-8070,14.927664829503277
mp-33606,14.337139524834743
mp-755522,16.60448137758777
mp-510281,14.955367862502012
mp-29760,15.287935061109293
mp-505281,30.73928688323487
mp-5342,19.73922264631735
mp-561744,15.770241309363241
mp-1147773,15.19577748028483
mp-1228446,15.026270543279885
mp-1747,14.564483199706613
mp-550622,20.816122437626767
mp-9562,14.895876067788095
mp-588,16.08854054950955
mp-32750,17.081567673902576
mp-974434,14.229253009449913
mp-557465,14.955914729641782
mp-6922,14.709405812459101
mp-909,14.854524078524136
mp-7434,16.928841754273105
mp-541581,16.695719817822336
mp-1102545,15.720768846499263
mp-570377,14.646750602338138
mp-554643,15.537671219786391
mp-559893,17.239635216900936
mp-1120741,15.716239202629254
mp-555070,15.26039035967222
mp-561942,15.302605903967692
mp-625686,17.14408963286526
mp-673126,15.149841624809337
mp-3104,16.502151739584107
mp-1079149,15.334198644008017
mp-1246515,14.617105702867166
mp-558835,15.511100981669237
mp-8943,18.209731242089422
mp-6948,16.81331806615754
mp-30980,15.319518661431223
mp-37399,14.792803559070267
mp-754833,15.182890990268406
mp-17229,16.09455234565079
mp-8291,15.357629097295499
mp-1020019,19.45035321071997
mp-542136,15.140299228112916
mp-35647,16.21474332662296
mp-753203,14.852955173095786
mp-22935,15.123822357005817
mp-555874,14.428493917123113
mp-30908,15.931906024744508
mp-7582,14.804037440283285
mp-7198,14.735068232977003
mp-690525,17.905145449701102
mp-2160,18.56407651935597
mp-1029262,17.199200747074546
mp-546757,15.556203742580351
mp-758602,15.756838543896954
mp-27563,14.853468081484912
mp-1029965,14.43847722234119
mp-4809,15.474694779292326
mp-557403,16.122570456423613
mp-6949,15.269418050891023
mp-6591,16.34501703082852
mp-22756,13.932841286630673
mp-643066,17.103006372083843
mp-626835,15.304373823863944
mp-22965,15.674690251454777
mp-1019589,15.846183807621475
mp-11925,15.55589683746448
mp-6841,15.05720984779221
mp-752801,14.829724022685944
mp-643259,20.027614892185646
mp-24589,14.547275330102567
mp-11738,15.21817961406734
mp-1220823,14.75520135584862
mp-755492,14.600549494722088
mp-989558,15.845812775010824
mp-20546,16.791764043088307
mp-15549,14.901505356377765
mp-34460,14.773567601720709
mp-1208643,14.71673040463113
mp-1848,14.604262242865211
mp-971661,14.637083432489202
mp-16314,18.414508284611745
mp-1190360,15.142773999674143
mp-1119092,14.504008113346028
mp-9248,14.821066231307354
mp-1317,15.856981238531297
mp-849770,14.930991217731837
mp-866056,14.866105825377078
mp-510341,16.61305857898875
mp-5020,14.799627357037169
mp-569548,14.399317639472288
mp-2437,14.761288431242107
mp-24007,15.94129909758309
mp-1210128,14.328472383872704
mp-865024,14.867512872734297
mp-14435,14.97257630407352
mp-644285,24.040795469204433
mp-625231,15.914980920271086
mp-568428,14.015265693596696
mp-1285,15.023211203797736
mp-9856,15.300511106704981
mp-1211670,16.96019724134267
mp-10086,14.830117800401572
mp-554472,15.95636755861116
mp-1193106,16.584708474442117
mp-684745,14.732595721557129
mp-850195,15.95250305148141
mp-1106183,15.061135970473224
mp-755527,15.648186917995083
mp-20459,14.857346635050051
mp-13982,14.87670217282931
mp-3855,17.263100913693957
mp-560186,13.889936471946163
mp-14336,14.835245857214332
mp-1094088,14.78683718170862
mp-1029294,17.89910742539619
mp-755391,15.60583689806558
mp-30120,15.242376972200702
mp-5431,22.184040558620346
mp-690977,15.239781007172464
mp-1113441,15.375642844031454
mp-971678,14.878249955380976
mp-758018,14.486936828338948
mp-11582,14.644390209907838
mp-557539,14.02078639798463
mp-14482,14.44980867195644
mp-639463,15.465023339770458
mp-980057,14.971877373089328
mp-657176,15.353766141254589
mp-686129,14.185064424616922
mp-14444,14.477483895888595
mp-1208447,14.63416789306291
mp-14415,14.372887943579924
mp-30943,16.405453944373356
mp-11168,14.851285183026535
mp-13542,26.083429326764236
mp-1018678,15.445482094997748
mp-757,16.282740290079683
mp-1087504,13.728593414110486
mp-13985,14.447188060596789
mp-559200,14.20500051550319
mp-675475,14.398017643886378
mp-42255,14.780265784296724
mp-1023926,20.600241079136183
mp-545820,15.96727711655211
mp-14827,16.16668542712592
mp-18889,14.504461173698836
mp-864928,14.713156184953569
mp-754222,14.929250714226638
mp-761669,14.23470800117124
mp-561412,15.248944500337814
mp-1008867,15.787332516342277
mp-1225887,15.094046340774169
mp-14128,14.679129404219614
mp-561710,13.994180295673823
mp-28797,14.277923982485941
mp-757163,14.461628944842682
mp-20098,13.7880525520863
mp-757754,15.950281218951194
mp-1207861,15.08327439637299
mp-556185,15.60009966286347
mp-7467,14.587912921156065
mp-20726,15.813012527023561
mp-1190588,14.29860124952142
mp-28872,14.412194131039287
mp-27138,14.997147900266555
mp-14780,17.123689596196552
mp-632326,13.930481086232502
mp-19215,14.873548281928729
mp-16264,17.275124140762948
mp-23612,14.76301630991302
mp-6564,15.046412881925196
mp-773085,15.30963392007786
mp-6972,14.551229893802226
mp-41734,14.387120451127226
mp-755203,16.90694363008108
mp-567817,14.252799215531283
mp-7060,14.60661079263656
mp-633158,14.005186087847276
mp-24119,16.4969043171646
mp-23991,15.518381047573126
mvc-16283,14.220066004446988
mp-8278,14.94043638212161
mp-20458,15.01301422420423
mp-556880,14.019399327229953
mp-676723,14.897994349125645
mp-5478,14.639402150356707
mp-23807,15.619583165332848
mp-6968,15.33504479174304
mp-676650,16.316232150305634
mp-754363,18.041775905371182
mp-20832,14.163008522773884
mp-8290,16.464541380726107
mp-27172,14.530880880883418
mp-12221,14.685393777748395
mp-23004,14.21504509921826
mp-752764,15.614987224972397
mp-9775,14.75066179463646
mp-644607,15.163134510640328
mp-28013,15.258510326064386
mp-29422,14.381656291439967
mp-553278,13.968931092182453
mp-549706,14.955222196658358
mp-1105692,15.286160155805474
mp-1188089,14.072143362271937
mp-29454,14.788077572154448
mp-13308,16.271947848732587
mp-8753,15.468025973293875
mp-758499,14.71137503521579
mp-15661,15.973134155249078
mp-571195,14.828935792069212
mp-569675,14.626675024762772
mp-1211274,15.250538060021173
mp-12355,14.16769538640055
mp-1078295,15.016471323086849
mp-1065514,15.28672475990322
mp-1190364,16.092736585358924
mp-306,14.953275485613743
mp-35907,14.773989369629417
mp-1208634,14.265349027857331
mp-771648,16.53960806048141
mp-573697,14.659373102618273
mp-3519,14.834572971679982
mp-23771,14.72014423448295
mp-19056,13.801959857461553
mp-675625,16.488375566486877
mp-1211643,15.587880407528887
mp-510075,15.187283396497754
mp-31218,16.134664919790666
mp-648,15.121618020157062
mp-5955,14.384581942356888
mp-766,17.91678878560408
mp-5246,14.977298383194848
mp-13992,15.76968090696485
mp-644225,14.093347229346005
mp-20015,14.609425892839472
mp-1029655,16.52006449935063
mp-28099,14.73630558837297
mp-14368,13.93798980740817
mp-19163,15.599945429068374
mp-1029652,13.915214835966141
mp-15939,15.954411256688939
mvc-7386,15.701424361503628
mp-12855,14.09744174301152
mp-3338,15.58753309574508
mp-753647,14.902365107987945
mp-1209499,14.430071575807899
mp-23273,15.39584233988306
mp-15983,15.369021732244503
mp-776922,14.2059932685696
mp-754459,14.949675862246302
mp-4514,14.847972145456122
mp-554311,14.510043471428943
mp-1019893,15.430340608430843
mp-27648,15.688400613978699
mp-15833,15.56077402325123
mp-600000,14.826375463403844
mp-614603,15.864979355560509
mp-1013911,14.34247694500333
mp-1222442,14.386025412806944
mp-8818,14.587657363464563
mp-1103771,15.776722288786438
mp-1714,16.499225787820293
mp-29205,16.039985933774815
mp-24381,14.579488280531638
mp-4309,15.543815118498141
mp-7896,15.30002658572733
mp-26974,13.86873741136004
mp-23341,21.84308721191456
mp-19384,16.3197808365338
mp-19414,14.796250763254301
mp-20397,15.082965589175146
mp-19178,15.690191370887105
mp-5679,14.968608426354685
mp-6633,17.0490591329241
mp-8881,13.963298412788456
mp-554108,14.833261465301804
mp-961673,14.596861561274615
mp-555760,16.9301697164969
mp-1019380,14.663178981396175
mp-8630,17.83476736405286
mp-772395,14.673370909953103
mvc-12168,15.222576887035958
mp-1104135,16.579105535324974
mp-558753,18.969879308019653
mp-696983,18.40151115475478
mp-772968,15.799512913457056
mp-189,16.03563061328881
mp-971787,20.331646078600333
mp-19252,15.185534786073887
mp-1078186,15.116522630220102
mp-25279,15.637773474115512
mp-12178,15.907763216754956
mp-989189,15.532672217884935
mp-1209234,15.411191052758488
mp-1216682,15.762869798970355
mp-23177,15.813973608219003
mp-635393,14.62375139492632
mp-22872,14.853915763742084
mp-13868,22.506133095506957
mp-756912,16.773851940783704
mp-30139,15.737198611488104
mp-17426,14.709287804198869
mp-756632,16.222328309779073
mp-1071955,15.153439346171254
mp-1029334,15.571006024021697
mp-1205991,15.03651142448075
mp-31232,13.870681702070774
mp-4280,14.754433579555611
mp-755067,13.853301504328346
mp-9437,14.927854377315619
mp-1120733,14.066865628582052
mp-28564,14.371915905795758
mp-18126,15.236469386796939
mp-5859,15.907835781645929
mp-27666,15.943454805079591
mp-578610,14.839648337869296
mp-7388,14.538586098367166
mp-23870,14.759458110825626
mp-1029385,16.188031132542925
mp-1020122,15.526707248485758
mp-780876,14.706729918364935
mp-1226191,15.095508748466388
mp-559126,14.556368164625123
mp-756570,13.886650054401148
mp-10182,13.831361572637846
mp-768941,13.824106208312967
mp-14367,14.181015576957334
mp-556609,14.924213201114526
mp-555286,20.01485121925687
mp-18992,14.553145369321806
mp-765508,14.891188948161592
mp-1104411,15.225243721792767
mp-626068,15.432456610749512
mp-625142,13.926531970702417
mp-7456,13.882584400590623
mp-557467,21.472399077457016
mp-989562,19.387512310088372
mp-13801,14.420128922276625
mp-2565,14.112804862617136
mp-556100,14.578059641454413
mp-638729,16.533360217738004
mp-23126,16.153317727411935
mp-11917,15.642406163460592
mp-610992,15.720335228221675
mp-11022,15.653001545019396
mp-8673,13.70782397509045
mp-560675,13.853301504328346
mp-8393,14.87821113227875
mp-1105728,14.8194453592275
mp-754615,14.165257142234145
mp-561902,14.664225830453997
mp-757146,14.11326860069792
mp-23376,13.877612685767604
mp-554959,14.497252158248624
mp-25410,14.139770750151477
mp-558227,14.559160679051372
mp-758632,17.43678114695365
mp-554845,14.0914302443499
mp-18935,14.511449557056446
mp-555150,17.112712701347263
mp-8188,14.726443667052322
mp-31126,14.523584420491474
mp-2455,14.682358468850214
mp-626151,14.165257142234145
mp-772552,14.487406585737158
mp-754113,15.759731155217334
mp-9548,14.55283236400453
mp-11718,16.867218986908934
mp-12265,14.892127394922914
mp-23949,15.65070981508376
mp-1029542,14.382735909886794
mp-36912,20.542624481260894
mp-19330,16.32870176190055
mp-556966,15.080196806159499
mp-14193,14.66497242060596
mp-3762,15.108444151021533
mp-684704,19.7118212454675
mp-15649,15.157618169998043
mp-861950,14.400491788511303
mp-556489,13.666445110571477
mp-557878,14.397485397118594
mp-3481,14.551834808879867
mp-20854,15.36450856294113
mp-1057286,14.646459297019701
mp-23038,15.815546029334875
mp-561519,14.969923345373347
mp-774146,14.55831267210459
mp-625823,14.46592019117481
mp-1539672,14.874540511728163
mp-1114576,21.685926934893686
mp-29520,15.373269969535611
mp-4081,16.31795369944034
mp-755013,14.724420682005611
mp-17972,15.726823932082109
mp-760360,15.560003937536703
mp-3216,15.031702916659366
mp-30250,14.770510951053614
mp-961682,15.123137154217359
mp-979932,15.093066023139116
mp-3996,14.453894810754822
mp-1222170,15.949356624326363
mp-1078085,17.160172897754986
mp-1023132,15.161743396269067
mp-28096,15.138340551684525
mp-560338,14.616887815485955
mp-24165,16.453875475589175
mp-625318,31.520813767745118
mp-1018093,14.347165463605588
mp-9486,15.308454470306968
mp-850951,14.088230299605957
mp-29808,15.65902243566675
mp-9839,14.936417135948977
mp-759097,14.017403307044344
mp-8892,14.770510951053614
mp-8200,13.94890064851518
mp-27031,16.488581724554138
mp-779689,14.892858270353765
mp-558022,14.59508808268779
mp-1220714,14.943309901571979
mp-862983,14.278379689937312
mp-541097,16.309479777706215
mp-19308,17.254551540680684
mp-568619,25.88513304669618
mp-27999,18.608170693583233
mp-558731,14.898039280593697
mp-8313,14.79416286628515
mp-1227994,14.58138139679751
mp-1029834,15.33801261580785
mp-27938,15.06740402232786
mp-755246,15.626903257552659
mp-27694,14.543474588986058
mp-1542038,13.801096513127384
mp-27362,15.728302545298199
mp-756935,15.586329728701815
mp-776618,15.9716573600557
mp-27176,16.251953325109994
mp-1818,14.408920661775248
mp-7449,15.06338949915648
mp-562523,14.13297173004783
mp-540633,14.65574258577749
mp-28250,16.912865691774744
mp-13546,16.259715201350318
mp-8704,14.19089567677857
mp-16280,14.56485538991705
mp-554412,15.763336686076409
mp-1700,16.8535430136834
mp-558102,14.700313511570492
mp-36866,14.864348476925729
mp-18179,15.67351723218002
mp-5881,15.555123171438975
mp-16337,14.46515767674421
mp-989622,15.040166665518687
mp-558749,14.61816622550238
mp-567542,14.482467325457193
mp-971683,16.388652869011892
mp-7210,17.29393192636788
mp-772754,15.218192611940616
mp-7580,15.93335936733161
mp-3247,14.979367556799225
mp-1598,15.104469099647977
mp-549589,15.071630145402384
mp-1100408,16.35864722736779
mp-12814,15.099003480159466
mp-558681,15.131787287213195
mp-752524,15.234523126228282
mp-27824,14.783845105363293
mp-758054,17.264845695524084
mp-756494,15.563401439049409
mp-38327,14.504215906477066
mp-1009894,14.817085418745087
mp-758397,16.194993686808814
mp-560936,14.415583199275114
mp-1205391,15.94794014708273
mp-561400,14.755815671982013
mp-5928,15.939304021890177
mp-8147,15.90895031395829
mp-28676,14.739864089955022
mp-37657,14.580142034695738
mp-1211088,15.484331470474837
mp-574599,14.495686063964074
mp-753473,13.988327437508742
mp-560203,15.928517661441429
mp-774155,14.453590475044384
mp-1021494,15.344597351525524
mp-20450,14.777232965557609
mp-19145,14.84579622124882
mp-23263,18.220917513722704
mp-10219,14.753750518177092
mp-1210796,14.986457318077338
mp-28336,15.992727199212164
mp-15219,15.159918086154702
mp-18759,15.214706890862887
mp-776684,14.100837448148628
mp-28306,15.427353689994028
mp-1189528,14.906184579295347
mp-568970,15.846005254470557
mp-753206,14.852056993546935
mp-7331,15.268009440490815
mp-5213,14.901553219614682
mp-568690,14.46702732798153
mp-557653,14.952050072991554
mp-555256,14.759661709683796
mp-1205638,15.121854632530466
mp-27559,14.631634239926468
mp-8430,14.417475790434219
mp-27420,17.446095364669652
mp-1222009,16.03941609626988
mp-7949,13.856886234703502
mp-758755,14.68966734239615
mp-27455,14.79344144352609
mp-17747,14.584676922291434
mp-1106080,14.79271096827091
mp-696944,15.556647779211776
mp-553243,15.762996493834965
mp-1104686,15.41271137225149
mp-19481,16.222585298693737
mp-643062,14.610448159063539
mp-7825,15.13764942920583
mp-768521,15.39643860385402
mp-22898,14.834877783727963
mp-25296,14.975171720356718
mp-554542,15.214190201356
mp-675879,14.70503416199636
mp-1019558,14.696369553829456
mp-775761,14.715736307812378
mp-2072,15.445268835428497
mp-1539667,14.96042265544104
mp-3125,15.330728258860331
mp-675645,20.29588290331235
mp-29816,13.993000043723168
mp-696379,15.482956057109334
mp-3744,14.720224925006239
mp-927,14.612254409838858
mp-6426,13.97619148062838
mp-1219649,13.936038588457281
mp-16804,14.706341247390288
mp-696231,13.86521619568679
mp-42190,14.622757826791792
mp-352,14.38803684056806
mp-6661,14.881991046483238
mp-23262,15.001681293674753
mp-4804,14.80876831633093
mp-27294,14.142995418749294
mp-561561,14.132740693667984
mp-849731,15.28563485323043
mp-1018031,14.588026630242409
mp-585189,14.825722462902874
mp-23060,14.843858725002615
mp-559653,16.581777348176733
mp-1014244,14.662692932506605
mvc-5921,15.283945644922794
mp-1019576,15.640535799666061
mp-684969,14.897139159043025
mp-632291,14.909246708735742
mp-23517,15.255881060430083
mp-643573,15.487226506826474
mp-23333,15.001740614912023
mp-754445,18.827220511657902
mp-604120,16.107557065013086
mp-774235,14.58578343204416
mp-759181,14.789328665289474
mp-1225922,14.854406085932808
mp-1228172,14.998814750178688
mp-19009,15.411829903329977
mp-570259,14.808744522130203
mp-1101989,15.839622774567827
mp-753406,14.80606083527209
mp-11123,15.607458436619085
mp-23702,14.834286331452011
mp-541111,16.08715309493911
mp-8965,15.79114824486441
mp-5926,14.688648265105755
mp-37906,15.200781032681961
mp-989541,13.693404186559324
mp-763489,16.12729516881728
mp-27852,14.106315880581544
mp-626716,14.399111468864362
mp-23739,15.88424026602078
mp-8258,14.54951185111013
mp-27628,14.22213546473871
mp-8177,15.758394929027677
mp-14649,15.063702361470732
mp-4419,15.320888546164422
mp-1206535,18.000816581262715
mp-625359,14.275749754617978
mp-753899,14.371078113209682
mp-1392,14.888346646122738
mp-19039,15.022130743273873
mp-758533,15.283953092845586
mp-33882,14.579054085042431
mp-29584,15.937140374621086
mp-31002,15.41271137225149
mp-557257,14.87706592462602
mp-13949,14.72664838860427
mp-1185959,14.95681114548418
mp-555018,14.608794439822711
mp-763318,15.3080374719713
mp-756289,14.787330862684891
mp-18037,16.594882546589112
mp-4495,18.82309349522512
mp-546500,18.95177103455755
mp-546552,13.393048236816556
mp-752471,15.713266954002805
mp-15157,17.693517260316302
mp-19086,16.174361604163455
mp-615138,15.073765049532938
mp-554626,14.89964521708958
mp-29845,14.63222438838847
mp-1113588,13.811273847211135
mp-23267,15.071529721722552
mvc-5908,15.512497979531847
mp-676851,14.592800504464499
mp-1221169,15.086119657070812
mp-27397,14.326393290951934
mp-7566,14.86568023849315
mp-34467,15.630477440027512
mp-1017567,15.149851001995543
mp-560882,14.834972843628112
mp-756478,14.980127237037483
mp-556340,14.768246607955868
mp-625488,15.042654789030932
mp-643791,14.884484926442108
mp-1540016,15.11672682380253
mp-1207196,15.291028974122982
mp-643708,15.371870915591744
mp-33723,14.814962788337642
mp-29170,15.203404697495218
mp-762018,17.289458572962076
mp-761842,13.818535709181706
mp-23737,14.778879463986794
mp-23339,14.820628427535889
mp-626689,16.384418503366778
mp-560025,15.114633435543025
mp-567998,15.698615382038131
mp-26783,14.684540623531033
mp-754812,15.422078717972852
mp-1084770,15.129806902529392
mp-23336,15.559727822033118
mp-561642,14.860668072990238
mp-1206645,14.832986748700002
mp-4541,14.599834593798171
mp-765618,14.552075474869723
mp-10044,18.106690410031277
mp-1114419,13.626115645609126
mp-753533,20.872503598711965
mp-1079483,14.70699269332784
mp-625207,14.895308297576088
mp-14983,13.550002883244856
mp-760375,15.169584324929216
mp-675821,15.485186938095213
mp-542812,15.027507226679042
mp-685043,15.018446621913233
mp-19260,14.889917563489286
mp-32684,19.306534323780355
mp-19412,14.604313544593435
mp-552604,14.631966954943534
mp-23025,14.375052155302198
mp-30161,15.414542665306142
mp-504885,14.903981979743156
mp-505245,15.512467976847859
mp-1029627,14.645105083549709
mp-14794,21.55461562032948
mp-1211247,16.362008054313748
mp-778819,15.276847956636205
mp-568177,14.832659764466037
mp-19267,15.642347530267347
mp-28557,15.081172145649054
mp-541937,16.695564445953966
mp-1191203,14.359648053348472
mp-505153,14.71086933544202
mp-7709,14.72089996666796
mp-17827,15.014667042157075
mp-557832,15.162467315529097
mp-1018737,14.923672004716156
mp-2908,14.407948628141021
mp-22253,14.906635370850731
mp-4651,14.745622835236059
mp-6442,15.243937813567362
mp-19234,14.751655816811732
mp-9820,14.911474067491758
mp-3161,15.171306316842456
mp-17709,15.811163507758481
mp-540789,15.36121266397982
mp-567677,15.592157757391917
mp-571453,15.729421561877146
mp-1079645,14.990063850114202
mp-754710,32.70461862300928
mp-696656,17.906095778274167
mp-4770,14.28211265801007
mp-29396,17.295832892899895
mp-16793,15.443451812410961
mp-867168,19.261361362351675
mp-17701,16.146519614482646
mp-29060,16.227957441386046
mp-14398,14.933635144704144
mp-779443,14.867381760455688
mp-553025,14.803952941903445
mp-1543041,16.13329777926727
mp-5710,14.757716222351608
mp-510760,26.765886522553174
mp-557163,15.307777490628618
mp-545469,15.977130291055428
mp-1205381,15.3545354990498
mp-753816,14.95287592224661
mp-778152,14.49994180441359
mp-753030,15.183740323923406
mp-4531,15.805946897955703
mp-20210,14.556294375035456
mp-38322,15.392112464015693
mp-9003,14.900493635447027
mp-23427,15.924430712673752
mp-15514,15.527318252814709
mp-28670,15.76549533940992
mp-752973,16.88567004851196
mp-613910,15.67690432617693
mp-3759,15.061853604667535
mp-558042,15.849086466558543
mp-557912,15.318722957519078
mp-643101,14.36692088772906
mp-5853,15.486798865198132
mp-27831,15.907160283570606
mp-752498,15.39389558541678
mp-1219132,21.805390315355584
mp-644672,17.383945122697117
mp-7913,17.569671559045474
mp-23074,15.114331646117542
mp-23290,15.742284786491812
mp-1192829,14.680389688488685
mp-675682,15.481920727916792
mp-764642,15.445455552879919
mp-19363,15.09620091143667
mp-17875,15.32690657559794
mp-29072,22.099607888130276
mp-754974,14.87563958539065
mp-15572,14.578609918940135
mp-3810,16.92636038791196
mp-1219557,14.673116164158698
mp-1029408,15.950635925120396
mp-22313,14.62230214773653
mp-16742,14.105261497374107
mp-984055,15.028894821849457
mp-1226307,14.57751184326242
mp-560151,14.82169113397255
mp-34486,14.89681998772084
mp-9392,15.147820356869438
mp-556911,17.82474849533686
mp-16183,15.656974566618462
mp-755293,16.23800396343325
mp-8989,14.95187075246293
mvc-7761,15.104939830423167
mp-29775,14.635925630781943
mp-1227993,14.76797742242939
mp-761686,14.397266270037077
mp-754658,14.514988101015613
mp-7984,14.710658126821592
mp-18498,14.242194609520272
mp-542605,14.228235518029926
mp-9588,13.971664570973141
mp-22876,15.098428919909582
mp-22968,15.188769953204288
mp-772659,15.467663376442637
mp-1096933,16.937687774685784
mp-27934,14.242333519291494
mp-26940,18.144583275275785
mp-697020,13.675741667474135
mp-695850,14.283055979334154
mp-31053,15.459629544101642
mp-34169,15.001888221403087
mp-37091,14.944114301887865
mp-570084,14.896827826984559
mp-34293,15.867970660080534
mp-752975,14.687188434152496
mp-8962,14.106114726778658
mp-20782,14.44493243071066
mp-361,14.01193455161581
